userName,numComments,upsGiven,downsGiven,awardsGiven,accountAge,totalKarma,linkKarma,commentKarma,awarderKarma,awardeeKarma,isMod,avgCommentsToPost,numPosts,avgUpvotesReceived,avgUpToDownRatio,totalAwardsReceived,avgAwardsPerPost
AgentSmithRadio,4,,,,1430921296.0,84638,25313,58429,238,658,True,6.0,5,3.2,0.726,0,0.0
laughayeette,3,,,,1578486627.0,1308,824,124,337,23,False,4.0,11,33.36363636363637,0.9454545454545453,1,0.09090909090909091
GirlWhoLovesGod,1,,,,1654921453.0,323,286,22,0,15,False,2.4444444444444446,9,24.88888888888889,0.9244444444444445,0,0.0
usopsong,2,,,,1388853794.0,25495,17301,6820,468,906,False,4.452830188679245,53,71.90566037735849,0.7943396226415095,7,0.1320754716981132
kylelweirich,2,,,,1614097968.0,5714,3738,978,0,998,False,13.0,7,154.0,0.6828571428571429,5,0.7142857142857143
usopsong,2,,,,1388853794.0,25495,17301,6820,468,906,False,4.452830188679245,53,72.05660377358491,0.790754716981132,7,0.1320754716981132
Lanky-Time6580,0,,,,1665082992.0,0,26,-26,0,0,False,11.0,2,3.5,0.6499999999999999,0,0.0
KT_Evolved365,1,,,,1612234846.0,47659,6556,40293,0,810,False,11.904761904761905,21,62.904761904761905,0.8466666666666666,0,0.0
CaydieMae,1,,,,1666452439.0,3,3,0,0,0,False,,0,0.0,0.0,0,0.0
Lito_Frito,3,,,,1551708818.0,1772,398,1359,0,15,False,3.7142857142857144,7,3.0,0.8242857142857142,0,0.0
_mercurial_high_,1,,,,1636953033.0,3664,1923,1346,93,302,False,6.846153846153846,13,16.384615384615383,0.8500000000000001,0,0.0
gxc123,2,,,,1581105521.0,9000,5856,2416,164,564,False,5.0,2,0.5,0.47500000000000003,0,0.0
Salted_Mango,1,,,,1665413827.0,782,562,205,0,15,False,10.5,4,2.75,0.7875,0,0.0
Otherwise_Engine6171,2,,,,1622182676.0,961,228,733,0,0,True,3.7142857142857144,7,8.285714285714286,0.7799999999999999,0,0.0
InternetTraumatized,2,,,,1644593910.0,12510,925,10354,148,1083,False,1.2619047619047619,42,5.571428571428571,0.8052380952380955,0,0.0
pamphletstoinspire,2,,,,1570728336.0,3160,2854,128,0,178,True,0.3,50,1.92,0.8696,0,0.0
EjmMissouri,0,,,,1653767960.0,382,1,318,0,63,False,1.4444444444444444,9,1.3333333333333333,0.5633333333333332,0,0.0
net153,1,,,,1663942803.0,-21,1,-22,0,0,False,0.0,1,1.0,1.0,0,0.0
Huge-Vegetable-571,0,,,,1646105186.0,12,2,10,0,0,False,24.5,2,2.0,0.64,0,0.0
SquareEar7968,1,,,,1608515816.0,113,110,3,0,0,False,2.0,4,5.5,1.0,0,0.0
FreshGravity,2,,,,1572019939.0,3769,2718,942,0,109,False,13.142857142857142,7,10.857142857142858,0.7742857142857142,0,0.0
Jaded-Wafer-6499,2,,,,1650859795.0,27374,25770,120,0,1484,False,,39,407.05128205128204,0.7451282051282052,14,0.358974358974359
Pockyhontas,3,,,,1539300200.0,458,9,32,417,0,False,6.0,2,3.0,0.8,0,0.0
ReasonableDuck9302,0,,,,1665325897.0,3,1,2,0,0,False,,0,0.0,0.0,0,0.0
Comfortable_Ear_8744,1,,,,1614664944.0,27,8,19,0,0,False,2.0,2,6.5,0.7250000000000001,0,0.0
Treantpaladin7,3,,,,1589684528.0,14463,11402,990,0,2071,False,1.4,25,1.68,0.6140000000000001,0,0.0
Tricky_Region_5309,1,,,,1612596901.0,688,249,411,0,28,False,2.5,2,4.0,0.6699999999999999,0,0.0
EricVTGW,2,,,,1582858914.0,178,52,111,0,15,False,2.5,4,0.5,0.4575,0,0.0
Around_the_campfire,2,,,,1495379815.0,12985,5025,7655,0,305,False,6.666666666666667,3,4.666666666666667,0.6966666666666667,0,0.0
Fantastic_Ad5283,0,,,,1664329266.0,1765,452,1305,0,8,False,5.0,50,11.82,0.8639999999999999,0,0.0
