userName,numComments,upsGiven,downsGiven,awardsGiven,accountAge,totalKarma,linkKarma,commentKarma,awarderKarma,awardeeKarma,isMod,numPosts,avgUpvotesReceived,avgUpToDownRatio,totalAwardsReceived,avgAwardsPerPost,avgCommentsToPost
Jeremehthejelly,2,,,,1392363122.0,3650,625,2484,470,71,False,1,4.0,0.67,0,0.0,5.0
Mikethedeadman,1,,,,1666304371.0,54,32,-3,0,25,False,0,0.0,0.0,0,0.0,0.0
thetruthiseeit,2,100.0,100.0,,1565645917.0,2523,1449,897,14,163,False,3,0.6666666666666666,0.6133333333333334,0,0.0,5.0
No-Candy-5119,0,,,,1658521932.0,231,6,225,0,0,False,0,0.0,0.0,0,0.0,0.0
daiguren2543,0,,,,1640916417.0,42,37,5,0,0,False,1,2.0,1.0,0,0.0,2.0
Banana-Buscotch,2,,,,1570968853.0,2928,1894,55,684,295,False,0,0.0,0.0,0,0.0,0.0
Diogeneselcinico42,3,,,,1574171605.0,5930,954,4723,36,217,False,5,11.4,0.7060000000000001,0,0.0,7.6
Glory_To_The_Lamb,1,,,,1612628990.0,692,5,622,0,65,False,0,0.0,0.0,0,0.0,0.0
Imaginary_Athlete_56,2,,,,1662517738.0,3824,651,2803,247,123,False,25,16.76,0.8503999999999999,1,0.04,12.2
neverroll,2,,,,1628799783.0,1285,1014,132,0,139,False,3,50.333333333333336,0.8633333333333333,2,0.6666666666666666,12.666666666666666
NotConnor365,1,,,,1662670139.0,382,147,235,0,0,False,19,10.157894736842104,0.9321052631578945,0,0.0,7.684210526315789
Wereletzia,1,,,,1651257483.0,79,26,15,0,38,False,3,5.0,0.79,0,0.0,10.333333333333334
No-Appointment4222,1,,,,1609206440.0,46,35,11,0,0,False,1,14.0,0.89,0,0.0,8.0
NoButThanksAnyway,4,,,,1622163342.0,34661,8489,22825,466,2881,False,1,6.0,0.88,0,0.0,13.0
Imaginary_Athlete_56,2,,,,1662517738.0,3824,651,2803,247,123,False,25,16.64,0.8483999999999999,1,0.04,12.2
toonguy762,2,,,,1630594919.0,379,239,92,0,48,False,7,8.714285714285714,0.807142857142857,0,0.0,10.714285714285714
Army-Old,1,,,,1602962166.0,77,40,37,0,0,False,4,8.25,0.73,0,0.0,7.5
Rbrtwllms,1,,,,1602225871.0,23057,8575,11104,1141,2237,True,4,32.25,0.835,0,0.0,10.0
Time-Relation394,0,,,,1666130777.0,60,38,22,0,0,False,1,60.0,0.84,0,0.0,45.0
AbsentThatDay,1,,,,1401400623.0,101782,1075,99999,38,670,True,4,5.75,0.75,0,0.0,4.75
Flimsy-Can6643,1,,,,1605050757.0,12,1,0,11,0,False,2,2.5,1.0,0,0.0,3.5
HariboDoom,2,,,,1628847561.0,31,31,0,0,0,False,2,4.0,0.8300000000000001,0,0.0,6.0
RoughStatus2401,1,,,,1612272672.0,34,34,0,0,0,False,1,7.0,0.83,0,0.0,6.0
tonyaokb,2,,,,1566724722.0,730,33,697,0,0,False,1,35.0,0.95,0,0.0,10.0
christianmolk,2,,,,1337869109.0,19,11,8,0,0,False,1,27.0,0.94,0,0.0,6.0
Close-to-Jesus,1,,,,1611140920.0,296,111,149,0,36,False,11,3.1818181818181817,0.8254545454545454,0,0.0,2.4545454545454546
DeSlacheable,2,,,,1529698023.0,72849,27866,42655,80,2248,False,10,266.2,0.8789999999999999,1,0.1,9.8
Animore,2,,,,1479012115.0,2756,1006,1626,8,116,True,1,8.0,0.76,0,0.0,14.0
MackenzieMay5,2,,,,1584655181.0,1599,797,604,38,160,False,4,5.5,0.8025,0,0.0,12.5
Quadplexslash,0,,,,1662181426.0,2931,61,2815,0,55,False,18,3.9444444444444446,0.8516666666666667,0,0.0,9.444444444444445
