userName,numTrophies,accountAge,totalKarma,linkKarma,commentKarma,awarderKarma,awardeeKarma,isMod,numComments
Scoot_Nikke,1,1601812570.0,429,103,326,0,0,False,4
reyelle1977,2,1629926542.0,8837,2348,6229,240,20,False,8
immortal_avenger,2,1509080882.0,373,206,152,0,15,False,15
Sweet_Watercress_151,2,1666544227.0,1,1,0,0,0,False,0
jazollgy,2,1666416144.0,3,3,0,0,0,False,0
Dovahkiin_52,0,1660657321.0,10,6,4,0,0,False,0
PastelChristian,1,1664539557.0,68,7,61,0,0,False,38
ProfessionalTie9044,0,1664764986.0,48,44,4,0,0,False,1
sadddhh,0,1636386690.0,191,70,101,0,20,False,6
Status-Air4862,1,1665440396.0,170,139,13,0,18,False,12
onpartybusiness8,3,1625090533.0,3541,2070,1155,90,226,False,1
MarkYeetus77,2,1599677428.0,82,4,53,25,0,False,35
NoCommunication7,6,1524590716.0,72617,28211,42804,255,1347,True,100
Dependent_Slice_6021,0,1662121513.0,1,1,0,0,0,False,0
Eastern_Present_6543,0,1665016949.0,382,323,39,0,20,False,90
PonderinLife,2,1502978609.0,54625,15013,38945,0,667,False,100
Ben_A140206,3,1640437633.0,2973,2267,691,0,15,False,17
bentrek,2,1531039748.0,23,2,8,0,13,False,0
yolabab,1,1666538644.0,2,2,0,0,0,False,0
sadddhh,0,1636386690.0,191,70,101,0,20,False,6
Mikethedeadman,1,1666304371.0,84,52,7,0,25,False,9
isdrafar,2,1625483874.0,2347,322,1987,0,38,False,42
Careful_Many_8579,0,1650292759.0,1,1,0,0,0,False,0
CadenClash,0,1652128154.0,2446,447,1947,34,18,False,74
hayeongs,2,1540012484.0,500,477,3,0,20,False,15
ReasonableDuck9302,0,1665325897.0,25,17,8,0,0,False,17
ReasonableDuck9302,0,1665325897.0,25,17,8,0,0,False,17
jazlyyn,1,1635564812.0,3804,2914,857,0,33,False,31
Pure_Management_1414,1,1627854624.0,538,424,70,24,20,False,2
Shattebal,2,1608398146.0,497,323,103,0,71,False,3
